Num_temporada,Nom_liga,Num_jornada
1972-1973,1ª,1
1972-1973,1ª,2
1972-1973,1ª,3
1972-1973,1ª,4
1972-1973,1ª,5
1972-1973,1ª,6
1972-1973,1ª,7
1972-1973,1ª,8
1972-1973,1ª,9
1972-1973,1ª,10
1972-1973,1ª,11
1972-1973,1ª,12
1972-1973,1ª,13
1972-1973,1ª,14
1972-1973,1ª,15
1972-1973,1ª,16
1972-1973,1ª,17
1972-1973,1ª,18
1972-1973,1ª,19
1972-1973,1ª,20
1972-1973,1ª,21
1972-1973,1ª,22
1972-1973,1ª,23
1972-1973,1ª,24
1972-1973,1ª,25
1972-1973,1ª,26
1972-1973,1ª,27
1972-1973,1ª,28
1972-1973,1ª,29
1972-1973,1ª,30
1972-1973,1ª,31
1972-1973,1ª,32
1972-1973,1ª,33
1972-1973,1ª,34
1972-1973,2ª,1
1972-1973,2ª,2
1972-1973,2ª,3
1972-1973,2ª,4
1972-1973,2ª,5
1972-1973,2ª,6
1972-1973,2ª,7
1972-1973,2ª,8
1972-1973,2ª,9
1972-1973,2ª,10
1972-1973,2ª,11
1972-1973,2ª,12
1972-1973,2ª,13
1972-1973,2ª,14
1972-1973,2ª,15
1972-1973,2ª,16
1972-1973,2ª,17
1972-1973,2ª,18
1972-1973,2ª,19
1972-1973,2ª,20
1972-1973,2ª,21
1972-1973,2ª,22
1972-1973,2ª,23
1972-1973,2ª,24
1972-1973,2ª,25
1972-1973,2ª,26
1972-1973,2ª,27
1972-1973,2ª,28
1972-1973,2ª,29
1972-1973,2ª,30
1972-1973,2ª,31
1972-1973,2ª,32
1972-1973,2ª,33
1972-1973,2ª,34
1972-1973,2ª,35
1972-1973,2ª,36
1972-1973,2ª,37
1972-1973,2ª,38
1973-1974,1ª,1
1973-1974,1ª,2
1973-1974,1ª,3
1973-1974,1ª,4
1973-1974,1ª,5
1973-1974,1ª,6
1973-1974,1ª,7
1973-1974,1ª,8
1973-1974,1ª,9
1973-1974,1ª,10
1973-1974,1ª,11
1973-1974,1ª,12
1973-1974,1ª,13
1973-1974,1ª,14
1973-1974,1ª,15
1973-1974,1ª,16
1973-1974,1ª,17
1973-1974,1ª,18
1973-1974,1ª,19
1973-1974,1ª,20
1973-1974,1ª,21
1973-1974,1ª,22
1973-1974,1ª,23
1973-1974,1ª,24
1973-1974,1ª,25
1973-1974,1ª,26
1973-1974,1ª,27
1973-1974,1ª,28
1973-1974,1ª,29
1973-1974,1ª,30
1973-1974,1ª,31
1973-1974,1ª,32
1973-1974,1ª,33
1973-1974,1ª,34
1973-1974,2ª,1
1973-1974,2ª,2
1973-1974,2ª,3
1973-1974,2ª,4
1973-1974,2ª,5
1973-1974,2ª,6
1973-1974,2ª,7
1973-1974,2ª,8
1973-1974,2ª,9
1973-1974,2ª,10
1973-1974,2ª,11
1973-1974,2ª,12
1973-1974,2ª,13
1973-1974,2ª,14
1973-1974,2ª,15
1973-1974,2ª,16
1973-1974,2ª,17
1973-1974,2ª,18
1973-1974,2ª,19
1973-1974,2ª,20
1973-1974,2ª,21
1973-1974,2ª,22
1973-1974,2ª,23
1973-1974,2ª,24
1973-1974,2ª,25
1973-1974,2ª,26
1973-1974,2ª,27
1973-1974,2ª,28
1973-1974,2ª,29
1973-1974,2ª,30
1973-1974,2ª,31
1973-1974,2ª,32
1973-1974,2ª,33
1973-1974,2ª,34
1973-1974,2ª,35
1973-1974,2ª,36
1973-1974,2ª,37
1973-1974,2ª,38
1974-1975,1ª,1
1974-1975,1ª,2
1974-1975,1ª,3
1974-1975,1ª,4
1974-1975,1ª,5
1974-1975,1ª,6
1974-1975,1ª,7
1974-1975,1ª,8
1974-1975,1ª,9
1974-1975,1ª,10
1974-1975,1ª,11
1974-1975,1ª,12
1974-1975,1ª,13
1974-1975,1ª,14
1974-1975,1ª,15
1974-1975,1ª,16
1974-1975,1ª,17
1974-1975,1ª,18
1974-1975,1ª,19
1974-1975,1ª,20
1974-1975,1ª,21
1974-1975,1ª,22
1974-1975,1ª,23
1974-1975,1ª,24
1974-1975,1ª,25
1974-1975,1ª,26
1974-1975,1ª,27
1974-1975,1ª,28
1974-1975,1ª,29
1974-1975,1ª,30
1974-1975,1ª,31
1974-1975,1ª,32
1974-1975,1ª,33
1974-1975,1ª,34
1974-1975,2ª,1
1974-1975,2ª,2
1974-1975,2ª,3
1974-1975,2ª,4
1974-1975,2ª,5
1974-1975,2ª,6
1974-1975,2ª,7
1974-1975,2ª,8
1974-1975,2ª,9
1974-1975,2ª,10
1974-1975,2ª,11
1974-1975,2ª,12
1974-1975,2ª,13
1974-1975,2ª,14
1974-1975,2ª,15
1974-1975,2ª,16
1974-1975,2ª,17
1974-1975,2ª,18
1974-1975,2ª,19
1974-1975,2ª,20
1974-1975,2ª,21
1974-1975,2ª,22
1974-1975,2ª,23
1974-1975,2ª,24
1974-1975,2ª,25
1974-1975,2ª,26
1974-1975,2ª,27
1974-1975,2ª,28
1974-1975,2ª,29
1974-1975,2ª,30
1974-1975,2ª,31
1974-1975,2ª,32
1974-1975,2ª,33
1974-1975,2ª,34
1974-1975,2ª,35
1974-1975,2ª,36
1974-1975,2ª,37
1974-1975,2ª,38
1975-1976,1ª,1
1975-1976,1ª,2
1975-1976,1ª,3
1975-1976,1ª,4
1975-1976,1ª,5
1975-1976,1ª,6
1975-1976,1ª,7
1975-1976,1ª,8
1975-1976,1ª,9
1975-1976,1ª,10
1975-1976,1ª,11
1975-1976,1ª,12
1975-1976,1ª,13
1975-1976,1ª,14
1975-1976,1ª,15
1975-1976,1ª,16
1975-1976,1ª,17
1975-1976,1ª,18
1975-1976,1ª,19
1975-1976,1ª,20
1975-1976,1ª,21
1975-1976,1ª,22
1975-1976,1ª,23
1975-1976,1ª,24
1975-1976,1ª,25
1975-1976,1ª,26
1975-1976,1ª,27
1975-1976,1ª,28
1975-1976,1ª,29
1975-1976,1ª,30
1975-1976,1ª,31
1975-1976,1ª,32
1975-1976,1ª,33
1975-1976,1ª,34
1975-1976,2ª,1
1975-1976,2ª,2
1975-1976,2ª,3
1975-1976,2ª,4
1975-1976,2ª,5
1975-1976,2ª,6
1975-1976,2ª,7
1975-1976,2ª,8
1975-1976,2ª,9
1975-1976,2ª,10
1975-1976,2ª,11
1975-1976,2ª,12
1975-1976,2ª,13
1975-1976,2ª,14
1975-1976,2ª,15
1975-1976,2ª,16
1975-1976,2ª,17
1975-1976,2ª,18
1975-1976,2ª,19
1975-1976,2ª,20
1975-1976,2ª,21
1975-1976,2ª,22
1975-1976,2ª,23
1975-1976,2ª,24
1975-1976,2ª,25
1975-1976,2ª,26
1975-1976,2ª,27
1975-1976,2ª,28
1975-1976,2ª,29
1975-1976,2ª,30
1975-1976,2ª,31
1975-1976,2ª,32
1975-1976,2ª,33
1975-1976,2ª,34
1975-1976,2ª,35
1975-1976,2ª,36
1975-1976,2ª,37
1975-1976,2ª,38
1976-1977,1ª,1
1976-1977,1ª,2
1976-1977,1ª,3
1976-1977,1ª,4
1976-1977,1ª,5
1976-1977,1ª,6
1976-1977,1ª,7
1976-1977,1ª,8
1976-1977,1ª,9
1976-1977,1ª,10
1976-1977,1ª,11
1976-1977,1ª,12
1976-1977,1ª,13
1976-1977,1ª,14
1976-1977,1ª,15
1976-1977,1ª,16
1976-1977,1ª,17
1976-1977,1ª,18
1976-1977,1ª,19
1976-1977,1ª,20
1976-1977,1ª,21
1976-1977,1ª,22
1976-1977,1ª,23
1976-1977,1ª,24
1976-1977,1ª,25
1976-1977,1ª,26
1976-1977,1ª,27
1976-1977,1ª,28
1976-1977,1ª,29
1976-1977,1ª,30
1976-1977,1ª,31
1976-1977,1ª,32
1976-1977,1ª,33
1976-1977,1ª,34
1976-1977,2ª,1
1976-1977,2ª,2
1976-1977,2ª,3
1976-1977,2ª,4
1976-1977,2ª,5
1976-1977,2ª,6
1976-1977,2ª,7
1976-1977,2ª,8
1976-1977,2ª,9
1976-1977,2ª,10
1976-1977,2ª,11
1976-1977,2ª,12
1976-1977,2ª,13
1976-1977,2ª,14
1976-1977,2ª,15
1976-1977,2ª,16
1976-1977,2ª,17
1976-1977,2ª,18
1976-1977,2ª,19
1976-1977,2ª,20
1976-1977,2ª,21
1976-1977,2ª,22
1976-1977,2ª,23
1976-1977,2ª,24
1976-1977,2ª,25
1976-1977,2ª,26
1976-1977,2ª,27
1976-1977,2ª,28
1976-1977,2ª,29
1976-1977,2ª,30
1976-1977,2ª,31
1976-1977,2ª,32
1976-1977,2ª,33
1976-1977,2ª,34
1976-1977,2ª,35
1976-1977,2ª,36
1976-1977,2ª,37
1976-1977,2ª,38
1977-1978,1ª,1
1977-1978,1ª,2
1977-1978,1ª,3
1977-1978,1ª,4
1977-1978,1ª,5
1977-1978,1ª,6
1977-1978,1ª,7
1977-1978,1ª,8
1977-1978,1ª,9
1977-1978,1ª,10
1977-1978,1ª,11
1977-1978,1ª,12
1977-1978,1ª,13
1977-1978,1ª,14
1977-1978,1ª,15
1977-1978,1ª,16
1977-1978,1ª,17
1977-1978,1ª,18
1977-1978,1ª,19
1977-1978,1ª,20
1977-1978,1ª,21
1977-1978,1ª,22
1977-1978,1ª,23
1977-1978,1ª,24
1977-1978,1ª,25
1977-1978,1ª,26
1977-1978,1ª,27
1977-1978,1ª,28
1977-1978,1ª,29
1977-1978,1ª,30
1977-1978,1ª,31
1977-1978,1ª,32
1977-1978,1ª,33
1977-1978,1ª,34
1977-1978,2ª,1
1977-1978,2ª,2
1977-1978,2ª,3
1977-1978,2ª,4
1977-1978,2ª,5
1977-1978,2ª,6
1977-1978,2ª,7
1977-1978,2ª,8
1977-1978,2ª,9
1977-1978,2ª,10
1977-1978,2ª,11
1977-1978,2ª,12
1977-1978,2ª,13
1977-1978,2ª,14
1977-1978,2ª,15
1977-1978,2ª,16
1977-1978,2ª,17
1977-1978,2ª,18
1977-1978,2ª,19
1977-1978,2ª,20
1977-1978,2ª,21
1977-1978,2ª,22
1977-1978,2ª,23
1977-1978,2ª,24
1977-1978,2ª,25
1977-1978,2ª,26
1977-1978,2ª,27
1977-1978,2ª,28
1977-1978,2ª,29
1977-1978,2ª,30
1977-1978,2ª,31
1977-1978,2ª,32
1977-1978,2ª,33
1977-1978,2ª,34
1977-1978,2ª,35
1977-1978,2ª,36
1977-1978,2ª,37
1977-1978,2ª,38
1978-1979,1ª,1
1978-1979,1ª,2
1978-1979,1ª,3
1978-1979,1ª,4
1978-1979,1ª,5
1978-1979,1ª,6
1978-1979,1ª,7
1978-1979,1ª,8
1978-1979,1ª,9
1978-1979,1ª,10
1978-1979,1ª,11
1978-1979,1ª,12
1978-1979,1ª,13
1978-1979,1ª,14
1978-1979,1ª,15
1978-1979,1ª,16
1978-1979,1ª,17
1978-1979,1ª,18
1978-1979,1ª,19
1978-1979,1ª,20
1978-1979,1ª,21
1978-1979,1ª,22
1978-1979,1ª,23
1978-1979,1ª,24
1978-1979,1ª,25
1978-1979,1ª,26
1978-1979,1ª,27
1978-1979,1ª,28
1978-1979,1ª,29
1978-1979,1ª,30
1978-1979,1ª,31
1978-1979,1ª,32
1978-1979,1ª,33
1978-1979,1ª,34
1978-1979,2ª,1
1978-1979,2ª,2
1978-1979,2ª,3
1978-1979,2ª,4
1978-1979,2ª,5
1978-1979,2ª,6
1978-1979,2ª,7
1978-1979,2ª,8
1978-1979,2ª,9
1978-1979,2ª,10
1978-1979,2ª,11
1978-1979,2ª,12
1978-1979,2ª,13
1978-1979,2ª,14
1978-1979,2ª,15
1978-1979,2ª,16
1978-1979,2ª,17
1978-1979,2ª,18
1978-1979,2ª,19
1978-1979,2ª,20
1978-1979,2ª,21
1978-1979,2ª,22
1978-1979,2ª,23
1978-1979,2ª,24
1978-1979,2ª,25
1978-1979,2ª,26
1978-1979,2ª,27
1978-1979,2ª,28
1978-1979,2ª,29
1978-1979,2ª,30
1978-1979,2ª,31
1978-1979,2ª,32
1978-1979,2ª,33
1978-1979,2ª,34
1978-1979,2ª,35
1978-1979,2ª,36
1978-1979,2ª,37
1978-1979,2ª,38
1979-1980,1ª,1
1979-1980,1ª,2
1979-1980,1ª,3
1979-1980,1ª,4
1979-1980,1ª,5
1979-1980,1ª,6
1979-1980,1ª,7
1979-1980,1ª,8
1979-1980,1ª,9
1979-1980,1ª,10
1979-1980,1ª,11
1979-1980,1ª,12
1979-1980,1ª,13
1979-1980,1ª,14
1979-1980,1ª,15
1979-1980,1ª,16
1979-1980,1ª,17
1979-1980,1ª,18
1979-1980,1ª,19
1979-1980,1ª,20
1979-1980,1ª,21
1979-1980,1ª,22
1979-1980,1ª,23
1979-1980,1ª,24
1979-1980,1ª,25
1979-1980,1ª,26
1979-1980,1ª,27
1979-1980,1ª,28
1979-1980,1ª,29
1979-1980,1ª,30
1979-1980,1ª,31
1979-1980,1ª,32
1979-1980,1ª,33
1979-1980,1ª,34
1979-1980,2ª,1
1979-1980,2ª,2
1979-1980,2ª,3
1979-1980,2ª,4
1979-1980,2ª,5
1979-1980,2ª,6
1979-1980,2ª,7
1979-1980,2ª,8
1979-1980,2ª,9
1979-1980,2ª,10
1979-1980,2ª,11
1979-1980,2ª,12
1979-1980,2ª,13
1979-1980,2ª,14
1979-1980,2ª,15
1979-1980,2ª,16
1979-1980,2ª,17
1979-1980,2ª,18
1979-1980,2ª,19
1979-1980,2ª,20
1979-1980,2ª,21
1979-1980,2ª,22
1979-1980,2ª,23
1979-1980,2ª,24
1979-1980,2ª,25
1979-1980,2ª,26
1979-1980,2ª,27
1979-1980,2ª,28
1979-1980,2ª,29
1979-1980,2ª,30
1979-1980,2ª,31
1979-1980,2ª,32
1979-1980,2ª,33
1979-1980,2ª,34
1979-1980,2ª,35
1979-1980,2ª,36
1979-1980,2ª,37
1979-1980,2ª,38
1980-1981,1ª,1
1980-1981,1ª,2
1980-1981,1ª,3
1980-1981,1ª,4
1980-1981,1ª,5
1980-1981,1ª,6
1980-1981,1ª,7
1980-1981,1ª,8
1980-1981,1ª,9
1980-1981,1ª,10
1980-1981,1ª,11
1980-1981,1ª,12
1980-1981,1ª,13
1980-1981,1ª,14
1980-1981,1ª,15
1980-1981,1ª,16
1980-1981,1ª,17
1980-1981,1ª,18
1980-1981,1ª,19
1980-1981,1ª,20
1980-1981,1ª,21
1980-1981,1ª,22
1980-1981,1ª,23
1980-1981,1ª,24
1980-1981,1ª,25
1980-1981,1ª,26
1980-1981,1ª,27
1980-1981,1ª,28
1980-1981,1ª,29
1980-1981,1ª,30
1980-1981,1ª,31
1980-1981,1ª,32
1980-1981,1ª,33
1980-1981,1ª,34
1980-1981,2ª,1
1980-1981,2ª,2
1980-1981,2ª,3
1980-1981,2ª,4
1980-1981,2ª,5
1980-1981,2ª,6
1980-1981,2ª,7
1980-1981,2ª,8
1980-1981,2ª,9
1980-1981,2ª,10
1980-1981,2ª,11
1980-1981,2ª,12
1980-1981,2ª,13
1980-1981,2ª,14
1980-1981,2ª,15
1980-1981,2ª,16
1980-1981,2ª,17
1980-1981,2ª,18
1980-1981,2ª,19
1980-1981,2ª,20
1980-1981,2ª,21
1980-1981,2ª,22
1980-1981,2ª,23
1980-1981,2ª,24
1980-1981,2ª,25
1980-1981,2ª,26
1980-1981,2ª,27
1980-1981,2ª,28
1980-1981,2ª,29
1980-1981,2ª,30
1980-1981,2ª,31
1980-1981,2ª,32
1980-1981,2ª,33
1980-1981,2ª,34
1980-1981,2ª,35
1980-1981,2ª,36
1980-1981,2ª,37
1980-1981,2ª,38
1981-1982,1ª,1
1981-1982,1ª,2
1981-1982,1ª,3
1981-1982,1ª,4
1981-1982,1ª,5
1981-1982,1ª,6
1981-1982,1ª,7
1981-1982,1ª,8
1981-1982,1ª,9
1981-1982,1ª,10
1981-1982,1ª,11
1981-1982,1ª,12
1981-1982,1ª,13
1981-1982,1ª,14
1981-1982,1ª,15
1981-1982,1ª,16
1981-1982,1ª,17
1981-1982,1ª,18
1981-1982,1ª,19
1981-1982,1ª,20
1981-1982,1ª,21
1981-1982,1ª,22
1981-1982,1ª,23
1981-1982,1ª,24
1981-1982,1ª,25
1981-1982,1ª,26
1981-1982,1ª,27
1981-1982,1ª,28
1981-1982,1ª,29
1981-1982,1ª,30
1981-1982,1ª,31
1981-1982,1ª,32
1981-1982,1ª,33
1981-1982,1ª,34
1981-1982,2ª,1
1981-1982,2ª,2
1981-1982,2ª,3
1981-1982,2ª,4
1981-1982,2ª,5
1981-1982,2ª,6
1981-1982,2ª,7
1981-1982,2ª,8
1981-1982,2ª,9
1981-1982,2ª,10
1981-1982,2ª,11
1981-1982,2ª,12
1981-1982,2ª,13
1981-1982,2ª,14
1981-1982,2ª,15
1981-1982,2ª,16
1981-1982,2ª,17
1981-1982,2ª,18
1981-1982,2ª,19
1981-1982,2ª,20
1981-1982,2ª,21
1981-1982,2ª,22
1981-1982,2ª,23
1981-1982,2ª,24
1981-1982,2ª,25
1981-1982,2ª,26
1981-1982,2ª,27
1981-1982,2ª,28
1981-1982,2ª,29
1981-1982,2ª,30
1981-1982,2ª,31
1981-1982,2ª,32
1981-1982,2ª,33
1981-1982,2ª,34
1981-1982,2ª,35
1981-1982,2ª,36
1981-1982,2ª,37
1981-1982,2ª,38
1982-1983,1ª,1
1982-1983,1ª,2
1982-1983,1ª,3
1982-1983,1ª,4
1982-1983,1ª,5
1982-1983,1ª,6
1982-1983,1ª,7
1982-1983,1ª,8
1982-1983,1ª,9
1982-1983,1ª,10
1982-1983,1ª,11
1982-1983,1ª,12
1982-1983,1ª,13
1982-1983,1ª,14
1982-1983,1ª,15
1982-1983,1ª,16
1982-1983,1ª,17
1982-1983,1ª,18
1982-1983,1ª,19
1982-1983,1ª,20
1982-1983,1ª,21
1982-1983,1ª,22
1982-1983,1ª,23
1982-1983,1ª,24
1982-1983,1ª,25
1982-1983,1ª,26
1982-1983,1ª,27
1982-1983,1ª,28
1982-1983,1ª,29
1982-1983,1ª,30
1982-1983,1ª,31
1982-1983,1ª,32
1982-1983,1ª,33
1982-1983,1ª,34
1982-1983,2ª,1
1982-1983,2ª,2
1982-1983,2ª,3
1982-1983,2ª,4
1982-1983,2ª,5
1982-1983,2ª,6
1982-1983,2ª,7
1982-1983,2ª,8
1982-1983,2ª,9
1982-1983,2ª,10
1982-1983,2ª,11
1982-1983,2ª,12
1982-1983,2ª,13
1982-1983,2ª,14
1982-1983,2ª,15
1982-1983,2ª,16
1982-1983,2ª,17
1982-1983,2ª,18
1982-1983,2ª,19
1982-1983,2ª,20
1982-1983,2ª,21
1982-1983,2ª,22
1982-1983,2ª,23
1982-1983,2ª,24
1982-1983,2ª,25
1982-1983,2ª,26
1982-1983,2ª,27
1982-1983,2ª,28
1982-1983,2ª,29
1982-1983,2ª,30
1982-1983,2ª,31
1982-1983,2ª,32
1982-1983,2ª,33
1982-1983,2ª,34
1982-1983,2ª,35
1982-1983,2ª,36
1982-1983,2ª,37
1982-1983,2ª,38
1983-1984,1ª,1
1983-1984,1ª,2
1983-1984,1ª,3
1983-1984,1ª,4
1983-1984,1ª,5
1983-1984,1ª,6
1983-1984,1ª,7
1983-1984,1ª,8
1983-1984,1ª,9
1983-1984,1ª,10
1983-1984,1ª,11
1983-1984,1ª,12
1983-1984,1ª,13
1983-1984,1ª,14
1983-1984,1ª,15
1983-1984,1ª,16
1983-1984,1ª,17
1983-1984,1ª,18
1983-1984,1ª,19
1983-1984,1ª,20
1983-1984,1ª,21
1983-1984,1ª,22
1983-1984,1ª,23
1983-1984,1ª,24
1983-1984,1ª,25
1983-1984,1ª,26
1983-1984,1ª,27
1983-1984,1ª,28
1983-1984,1ª,29
1983-1984,1ª,30
1983-1984,1ª,31
1983-1984,1ª,32
1983-1984,1ª,33
1983-1984,1ª,34
1983-1984,2ª,1
1983-1984,2ª,2
1983-1984,2ª,3
1983-1984,2ª,4
1983-1984,2ª,5
1983-1984,2ª,6
1983-1984,2ª,7
1983-1984,2ª,8
1983-1984,2ª,9
1983-1984,2ª,10
1983-1984,2ª,11
1983-1984,2ª,12
1983-1984,2ª,13
1983-1984,2ª,14
1983-1984,2ª,15
1983-1984,2ª,16
1983-1984,2ª,17
1983-1984,2ª,18
1983-1984,2ª,19
1983-1984,2ª,20
1983-1984,2ª,21
1983-1984,2ª,22
1983-1984,2ª,23
1983-1984,2ª,24
1983-1984,2ª,25
1983-1984,2ª,26
1983-1984,2ª,27
1983-1984,2ª,28
1983-1984,2ª,29
1983-1984,2ª,30
1983-1984,2ª,31
1983-1984,2ª,32
1983-1984,2ª,33
1983-1984,2ª,34
1983-1984,2ª,35
1983-1984,2ª,36
1983-1984,2ª,37
1983-1984,2ª,38
1984-1985,1ª,1
1984-1985,1ª,2
1984-1985,1ª,3
1984-1985,1ª,4
1984-1985,1ª,5
1984-1985,1ª,6
1984-1985,1ª,7
1984-1985,1ª,8
1984-1985,1ª,9
1984-1985,1ª,10
1984-1985,1ª,11
1984-1985,1ª,12
1984-1985,1ª,13
1984-1985,1ª,14
1984-1985,1ª,15
1984-1985,1ª,16
1984-1985,1ª,17
1984-1985,1ª,18
1984-1985,1ª,19
1984-1985,1ª,20
1984-1985,1ª,21
1984-1985,1ª,22
1984-1985,1ª,23
1984-1985,1ª,24
1984-1985,1ª,25
1984-1985,1ª,26
1984-1985,1ª,27
1984-1985,1ª,28
1984-1985,1ª,29
1984-1985,1ª,30
1984-1985,1ª,31
1984-1985,1ª,32
1984-1985,1ª,33
1984-1985,1ª,34
1984-1985,2ª,1
1984-1985,2ª,2
1984-1985,2ª,3
1984-1985,2ª,4
1984-1985,2ª,5
1984-1985,2ª,6
1984-1985,2ª,7
1984-1985,2ª,8
1984-1985,2ª,9
1984-1985,2ª,10
1984-1985,2ª,11
1984-1985,2ª,12
1984-1985,2ª,13
1984-1985,2ª,14
1984-1985,2ª,15
1984-1985,2ª,16
1984-1985,2ª,17
1984-1985,2ª,18
1984-1985,2ª,19
1984-1985,2ª,20
1984-1985,2ª,21
1984-1985,2ª,22
1984-1985,2ª,23
1984-1985,2ª,24
1984-1985,2ª,25
1984-1985,2ª,26
1984-1985,2ª,27
1984-1985,2ª,28
1984-1985,2ª,29
1984-1985,2ª,30
1984-1985,2ª,31
1984-1985,2ª,32
1984-1985,2ª,33
1984-1985,2ª,34
1984-1985,2ª,35
1984-1985,2ª,36
1984-1985,2ª,37
1984-1985,2ª,38
1985-1986,1ª,1
1985-1986,1ª,2
1985-1986,1ª,3
1985-1986,1ª,4
1985-1986,1ª,5
1985-1986,1ª,6
1985-1986,1ª,7
1985-1986,1ª,8
1985-1986,1ª,9
1985-1986,1ª,10
1985-1986,1ª,11
1985-1986,1ª,12
1985-1986,1ª,13
1985-1986,1ª,14
1985-1986,1ª,15
1985-1986,1ª,16
1985-1986,1ª,17
1985-1986,1ª,18
1985-1986,1ª,19
1985-1986,1ª,20
1985-1986,1ª,21
1985-1986,1ª,22
1985-1986,1ª,23
1985-1986,1ª,24
1985-1986,1ª,25
1985-1986,1ª,26
1985-1986,1ª,27
1985-1986,1ª,28
1985-1986,1ª,29
1985-1986,1ª,30
1985-1986,1ª,31
1985-1986,1ª,32
1985-1986,1ª,33
1985-1986,1ª,34
1985-1986,2ª,1
1985-1986,2ª,2
1985-1986,2ª,3
1985-1986,2ª,4
1985-1986,2ª,5
1985-1986,2ª,6
1985-1986,2ª,7
1985-1986,2ª,8
1985-1986,2ª,9
1985-1986,2ª,10
1985-1986,2ª,11
1985-1986,2ª,12
1985-1986,2ª,13
1985-1986,2ª,14
1985-1986,2ª,15
1985-1986,2ª,16
1985-1986,2ª,17
1985-1986,2ª,18
1985-1986,2ª,19
1985-1986,2ª,20
1985-1986,2ª,21
1985-1986,2ª,22
1985-1986,2ª,23
1985-1986,2ª,24
1985-1986,2ª,25
1985-1986,2ª,26
1985-1986,2ª,27
1985-1986,2ª,28
1985-1986,2ª,29
1985-1986,2ª,30
1985-1986,2ª,31
1985-1986,2ª,32
1985-1986,2ª,33
1985-1986,2ª,34
1985-1986,2ª,35
1985-1986,2ª,36
1985-1986,2ª,37
1985-1986,2ª,38
1986-1987,1ª,1
1986-1987,1ª,2
1986-1987,1ª,3
1986-1987,1ª,4
1986-1987,1ª,5
1986-1987,1ª,6
1986-1987,1ª,7
1986-1987,1ª,8
1986-1987,1ª,9
1986-1987,1ª,10
1986-1987,1ª,11
1986-1987,1ª,12
1986-1987,1ª,13
1986-1987,1ª,14
1986-1987,1ª,15
1986-1987,1ª,16
1986-1987,1ª,17
1986-1987,1ª,18
1986-1987,1ª,19
1986-1987,1ª,20
1986-1987,1ª,21
1986-1987,1ª,22
1986-1987,1ª,23
1986-1987,1ª,24
1986-1987,1ª,25
1986-1987,1ª,26
1986-1987,1ª,27
1986-1987,1ª,28
1986-1987,1ª,29
1986-1987,1ª,30
1986-1987,1ª,31
1986-1987,1ª,32
1986-1987,1ª,33
1986-1987,1ª,34
1986-1987,2ª,1
1986-1987,2ª,2
1986-1987,2ª,3
1986-1987,2ª,4
1986-1987,2ª,5
1986-1987,2ª,6
1986-1987,2ª,7
1986-1987,2ª,8
1986-1987,2ª,9
1986-1987,2ª,10
1986-1987,2ª,11
1986-1987,2ª,12
1986-1987,2ª,13
1986-1987,2ª,14
1986-1987,2ª,15
1986-1987,2ª,16
1986-1987,2ª,17
1986-1987,2ª,18
1986-1987,2ª,19
1986-1987,2ª,20
1986-1987,2ª,21
1986-1987,2ª,22
1986-1987,2ª,23
1986-1987,2ª,24
1986-1987,2ª,25
1986-1987,2ª,26
1986-1987,2ª,27
1986-1987,2ª,28
1986-1987,2ª,29
1986-1987,2ª,30
1986-1987,2ª,31
1986-1987,2ª,32
1986-1987,2ª,33
1986-1987,2ª,34
1986-1987,1ª,35
1986-1987,1ª,36
1986-1987,1ª,37
1986-1987,1ª,38
1986-1987,1ª,39
1986-1987,1ª,40
1986-1987,1ª,41
1986-1987,1ª,42
1986-1987,1ª,43
1986-1987,1ª,44
1986-1987,2ª,35
1986-1987,2ª,36
1986-1987,2ª,37
1986-1987,2ª,38
1986-1987,2ª,39
1986-1987,2ª,40
1986-1987,2ª,41
1986-1987,2ª,42
1986-1987,2ª,43
1986-1987,2ª,44
1986-1987,Descenso,a 2ª
1987-1988,1ª,1
1987-1988,1ª,2
1987-1988,1ª,3
1987-1988,1ª,4
1987-1988,1ª,5
1987-1988,1ª,6
1987-1988,1ª,7
1987-1988,1ª,8
1987-1988,1ª,9
1987-1988,1ª,10
1987-1988,1ª,11
1987-1988,1ª,12
1987-1988,1ª,13
1987-1988,1ª,14
1987-1988,1ª,15
1987-1988,1ª,16
1987-1988,1ª,17
1987-1988,1ª,18
1987-1988,1ª,19
1987-1988,1ª,20
1987-1988,1ª,21
1987-1988,1ª,22
1987-1988,1ª,23
1987-1988,1ª,24
1987-1988,1ª,25
1987-1988,1ª,26
1987-1988,1ª,27
1987-1988,1ª,28
1987-1988,1ª,29
1987-1988,1ª,30
1987-1988,1ª,31
1987-1988,1ª,32
1987-1988,1ª,33
1987-1988,1ª,34
1987-1988,1ª,35
1987-1988,1ª,36
1987-1988,1ª,37
1987-1988,1ª,38
1987-1988,2ª,1
1987-1988,2ª,2
1987-1988,2ª,3
1987-1988,2ª,4
1987-1988,2ª,5
1987-1988,2ª,6
1987-1988,2ª,7
1987-1988,2ª,8
1987-1988,2ª,9
1987-1988,2ª,10
1987-1988,2ª,11
1987-1988,2ª,12
1987-1988,2ª,13
1987-1988,2ª,14
1987-1988,2ª,15
1987-1988,2ª,16
1987-1988,2ª,17
1987-1988,2ª,18
1987-1988,2ª,19
1987-1988,2ª,20
1987-1988,2ª,21
1987-1988,2ª,22
1987-1988,2ª,23
1987-1988,2ª,24
1987-1988,2ª,25
1987-1988,2ª,26
1987-1988,2ª,27
1987-1988,2ª,28
1987-1988,2ª,29
1987-1988,2ª,30
1987-1988,2ª,31
1987-1988,2ª,32
1987-1988,2ª,33
1987-1988,2ª,34
1987-1988,2ª,35
1987-1988,2ª,36
1987-1988,2ª,37
1987-1988,2ª,38
1987-1988,Promocion,0
1988-1989,1ª,1
1988-1989,1ª,2
1988-1989,1ª,3
1988-1989,1ª,4
1988-1989,1ª,5
1988-1989,1ª,6
1988-1989,1ª,7
1988-1989,1ª,8
1988-1989,1ª,9
1988-1989,1ª,10
1988-1989,1ª,11
1988-1989,1ª,12
1988-1989,1ª,13
1988-1989,1ª,14
1988-1989,1ª,15
1988-1989,1ª,16
1988-1989,1ª,17
1988-1989,1ª,18
1988-1989,1ª,19
1988-1989,1ª,20
1988-1989,1ª,21
1988-1989,1ª,22
1988-1989,1ª,23
1988-1989,1ª,24
1988-1989,1ª,25
1988-1989,1ª,26
1988-1989,1ª,27
1988-1989,1ª,28
1988-1989,1ª,29
1988-1989,1ª,30
1988-1989,1ª,31
1988-1989,1ª,32
1988-1989,1ª,33
1988-1989,1ª,34
1988-1989,1ª,35
1988-1989,1ª,36
1988-1989,1ª,37
1988-1989,1ª,38
1988-1989,2ª,1
1988-1989,2ª,2
1988-1989,2ª,3
1988-1989,2ª,4
1988-1989,2ª,5
1988-1989,2ª,6
1988-1989,2ª,7
1988-1989,2ª,8
1988-1989,2ª,9
1988-1989,2ª,10
1988-1989,2ª,11
1988-1989,2ª,12
1988-1989,2ª,13
1988-1989,2ª,14
1988-1989,2ª,15
1988-1989,2ª,16
1988-1989,2ª,17
1988-1989,2ª,18
1988-1989,2ª,19
1988-1989,2ª,20
1988-1989,2ª,21
1988-1989,2ª,22
1988-1989,2ª,23
1988-1989,2ª,24
1988-1989,2ª,25
1988-1989,2ª,26
1988-1989,2ª,27
1988-1989,2ª,28
1988-1989,2ª,29
1988-1989,2ª,30
1988-1989,2ª,31
1988-1989,2ª,32
1988-1989,2ª,33
1988-1989,2ª,34
1988-1989,2ª,35
1988-1989,2ª,36
1988-1989,2ª,37
1988-1989,2ª,38
1988-1989,Promocion,0
1989-1990,1ª,1
1989-1990,1ª,2
1989-1990,1ª,3
1989-1990,1ª,4
1989-1990,1ª,5
1989-1990,1ª,6
1989-1990,1ª,7
1989-1990,1ª,8
1989-1990,1ª,9
1989-1990,1ª,10
1989-1990,1ª,11
1989-1990,1ª,12
1989-1990,1ª,13
1989-1990,1ª,14
1989-1990,1ª,15
1989-1990,1ª,16
1989-1990,1ª,17
1989-1990,1ª,18
1989-1990,1ª,19
1989-1990,1ª,20
1989-1990,1ª,21
1989-1990,1ª,22
1989-1990,1ª,23
1989-1990,1ª,24
1989-1990,1ª,25
1989-1990,1ª,26
1989-1990,1ª,27
1989-1990,1ª,28
1989-1990,1ª,29
1989-1990,1ª,30
1989-1990,1ª,31
1989-1990,1ª,32
1989-1990,1ª,33
1989-1990,1ª,34
1989-1990,1ª,35
1989-1990,1ª,36
1989-1990,1ª,37
1989-1990,1ª,38
1989-1990,2ª,1
1989-1990,2ª,2
1989-1990,2ª,3
1989-1990,2ª,4
1989-1990,2ª,5
1989-1990,2ª,6
1989-1990,2ª,7
1989-1990,2ª,8
1989-1990,2ª,9
1989-1990,2ª,10
1989-1990,2ª,11
1989-1990,2ª,12
1989-1990,2ª,13
1989-1990,2ª,14
1989-1990,2ª,15
1989-1990,2ª,16
1989-1990,2ª,17
1989-1990,2ª,18
1989-1990,2ª,19
1989-1990,2ª,20
1989-1990,2ª,21
1989-1990,2ª,22
1989-1990,2ª,23
1989-1990,2ª,24
1989-1990,2ª,25
1989-1990,2ª,26
1989-1990,2ª,27
1989-1990,2ª,28
1989-1990,2ª,29
1989-1990,2ª,30
1989-1990,2ª,31
1989-1990,2ª,32
1989-1990,2ª,33
1989-1990,2ª,34
1989-1990,2ª,35
1989-1990,2ª,36
1989-1990,2ª,37
1989-1990,2ª,38
1989-1990,Promocion,0
1990-1991,1ª,1
1990-1991,1ª,2
1990-1991,1ª,3
1990-1991,1ª,4
1990-1991,1ª,5
1990-1991,1ª,6
1990-1991,1ª,7
1990-1991,1ª,8
1990-1991,1ª,9
1990-1991,1ª,10
1990-1991,1ª,11
1990-1991,1ª,12
1990-1991,1ª,13
1990-1991,1ª,14
1990-1991,1ª,15
1990-1991,1ª,16
1990-1991,1ª,17
1990-1991,1ª,18
1990-1991,1ª,19
1990-1991,1ª,20
1990-1991,1ª,21
1990-1991,1ª,22
1990-1991,1ª,23
1990-1991,1ª,24
1990-1991,1ª,25
1990-1991,1ª,26
1990-1991,1ª,27
1990-1991,1ª,28
1990-1991,1ª,29
1990-1991,1ª,30
1990-1991,1ª,31
1990-1991,1ª,32
1990-1991,1ª,33
1990-1991,1ª,34
1990-1991,1ª,35
1990-1991,1ª,36
1990-1991,1ª,37
1990-1991,1ª,38
1990-1991,2ª,1
1990-1991,2ª,2
1990-1991,2ª,3
1990-1991,2ª,4
1990-1991,2ª,5
1990-1991,2ª,6
1990-1991,2ª,7
1990-1991,2ª,8
1990-1991,2ª,9
1990-1991,2ª,10
1990-1991,2ª,11
1990-1991,2ª,12
1990-1991,2ª,13
1990-1991,2ª,14
1990-1991,2ª,15
1990-1991,2ª,16
1990-1991,2ª,17
1990-1991,2ª,18
1990-1991,2ª,19
1990-1991,2ª,20
1990-1991,2ª,21
1990-1991,2ª,22
1990-1991,2ª,23
1990-1991,2ª,24
1990-1991,2ª,25
1990-1991,2ª,26
1990-1991,2ª,27
1990-1991,2ª,28
1990-1991,2ª,29
1990-1991,2ª,30
1990-1991,2ª,31
1990-1991,2ª,32
1990-1991,2ª,33
1990-1991,2ª,34
1990-1991,2ª,35
1990-1991,2ª,36
1990-1991,2ª,37
1990-1991,2ª,38
1990-1991,Promocion,0
1991-1992,1ª,1
1991-1992,1ª,2
1991-1992,1ª,3
1991-1992,1ª,4
1991-1992,1ª,5
1991-1992,1ª,6
1991-1992,1ª,7
1991-1992,1ª,8
1991-1992,1ª,9
1991-1992,1ª,10
1991-1992,1ª,11
1991-1992,1ª,12
1991-1992,1ª,13
1991-1992,1ª,14
1991-1992,1ª,15
1991-1992,1ª,16
1991-1992,1ª,17
1991-1992,1ª,18
1991-1992,1ª,19
1991-1992,1ª,20
1991-1992,1ª,21
1991-1992,1ª,22
1991-1992,1ª,23
1991-1992,1ª,24
1991-1992,1ª,25
1991-1992,1ª,26
1991-1992,1ª,27
1991-1992,1ª,28
1991-1992,1ª,29
1991-1992,1ª,30
1991-1992,1ª,31
1991-1992,1ª,32
1991-1992,1ª,33
1991-1992,1ª,34
1991-1992,1ª,35
1991-1992,1ª,36
1991-1992,1ª,37
1991-1992,1ª,38
1991-1992,2ª,1
1991-1992,2ª,2
1991-1992,2ª,3
1991-1992,2ª,4
1991-1992,2ª,5
1991-1992,2ª,6
1991-1992,2ª,7
1991-1992,2ª,8
1991-1992,2ª,9
1991-1992,2ª,10
1991-1992,2ª,11
1991-1992,2ª,12
1991-1992,2ª,13
1991-1992,2ª,14
1991-1992,2ª,15
1991-1992,2ª,16
1991-1992,2ª,17
1991-1992,2ª,18
1991-1992,2ª,19
1991-1992,2ª,20
1991-1992,2ª,21
1991-1992,2ª,22
1991-1992,2ª,23
1991-1992,2ª,24
1991-1992,2ª,25
1991-1992,2ª,26
1991-1992,2ª,27
1991-1992,2ª,28
1991-1992,2ª,29
1991-1992,2ª,30
1991-1992,2ª,31
1991-1992,2ª,32
1991-1992,2ª,33
1991-1992,2ª,34
1991-1992,2ª,35
1991-1992,2ª,36
1991-1992,2ª,37
1991-1992,2ª,38
1991-1992,Promocion,0
1992-1993,1ª,1
1992-1993,1ª,2
1992-1993,1ª,3
1992-1993,1ª,4
1992-1993,1ª,5
1992-1993,1ª,6
1992-1993,1ª,7
1992-1993,1ª,8
1992-1993,1ª,9
1992-1993,1ª,10
1992-1993,1ª,11
1992-1993,1ª,12
1992-1993,1ª,13
1992-1993,1ª,14
1992-1993,1ª,15
1992-1993,1ª,16
1992-1993,1ª,17
1992-1993,1ª,18
1992-1993,1ª,19
1992-1993,1ª,20
1992-1993,1ª,21
1992-1993,1ª,22
1992-1993,1ª,23
1992-1993,1ª,24
1992-1993,1ª,25
1992-1993,1ª,26
1992-1993,1ª,27
1992-1993,1ª,28
1992-1993,1ª,29
1992-1993,1ª,30
1992-1993,1ª,31
1992-1993,1ª,32
1992-1993,1ª,33
1992-1993,1ª,34
1992-1993,1ª,35
1992-1993,1ª,36
1992-1993,1ª,37
1992-1993,1ª,38
1992-1993,2ª,1
1992-1993,2ª,2
1992-1993,2ª,3
1992-1993,2ª,4
1992-1993,2ª,5
1992-1993,2ª,6
1992-1993,2ª,7
1992-1993,2ª,8
1992-1993,2ª,9
1992-1993,2ª,10
1992-1993,2ª,11
1992-1993,2ª,12
1992-1993,2ª,13
1992-1993,2ª,14
1992-1993,2ª,15
1992-1993,2ª,16
1992-1993,2ª,17
1992-1993,2ª,18
1992-1993,2ª,19
1992-1993,2ª,20
1992-1993,2ª,21
1992-1993,2ª,22
1992-1993,2ª,23
1992-1993,2ª,24
1992-1993,2ª,25
1992-1993,2ª,26
1992-1993,2ª,27
1992-1993,2ª,28
1992-1993,2ª,29
1992-1993,2ª,30
1992-1993,2ª,31
1992-1993,2ª,32
1992-1993,2ª,33
1992-1993,2ª,34
1992-1993,2ª,35
1992-1993,2ª,36
1992-1993,2ª,37
1992-1993,2ª,38
1992-1993,Promocion,0
1993-1994,1ª,1
1993-1994,1ª,2
1993-1994,1ª,3
1993-1994,1ª,4
1993-1994,1ª,5
1993-1994,1ª,6
1993-1994,1ª,7
1993-1994,1ª,8
1993-1994,1ª,9
1993-1994,1ª,10
1993-1994,1ª,11
1993-1994,1ª,12
1993-1994,1ª,13
1993-1994,1ª,14
1993-1994,1ª,15
1993-1994,1ª,16
1993-1994,1ª,17
1993-1994,1ª,18
1993-1994,1ª,19
1993-1994,1ª,20
1993-1994,1ª,21
1993-1994,1ª,22
1993-1994,1ª,23
1993-1994,1ª,24
1993-1994,1ª,25
1993-1994,1ª,26
1993-1994,1ª,27
1993-1994,1ª,28
1993-1994,1ª,29
1993-1994,1ª,30
1993-1994,1ª,31
1993-1994,1ª,32
1993-1994,1ª,33
1993-1994,1ª,34
1993-1994,1ª,35
1993-1994,1ª,36
1993-1994,1ª,37
1993-1994,1ª,38
1993-1994,2ª,1
1993-1994,2ª,2
1993-1994,2ª,3
1993-1994,2ª,4
1993-1994,2ª,5
1993-1994,2ª,6
1993-1994,2ª,7
1993-1994,2ª,8
1993-1994,2ª,9
1993-1994,2ª,10
1993-1994,2ª,11
1993-1994,2ª,12
1993-1994,2ª,13
1993-1994,2ª,14
1993-1994,2ª,15
1993-1994,2ª,16
1993-1994,2ª,17
1993-1994,2ª,18
1993-1994,2ª,19
1993-1994,2ª,20
1993-1994,2ª,21
1993-1994,2ª,22
1993-1994,2ª,23
1993-1994,2ª,24
1993-1994,2ª,25
1993-1994,2ª,26
1993-1994,2ª,27
1993-1994,2ª,28
1993-1994,2ª,29
1993-1994,2ª,30
1993-1994,2ª,31
1993-1994,2ª,32
1993-1994,2ª,33
1993-1994,2ª,34
1993-1994,2ª,35
1993-1994,2ª,36
1993-1994,2ª,37
1993-1994,2ª,38
1993-1994,Promocion,0
1994-1995,1ª,1
1994-1995,1ª,2
1994-1995,1ª,3
1994-1995,1ª,4
1994-1995,1ª,5
1994-1995,1ª,6
1994-1995,1ª,7
1994-1995,1ª,8
1994-1995,1ª,9
1994-1995,1ª,10
1994-1995,1ª,11
1994-1995,1ª,12
1994-1995,1ª,13
1994-1995,1ª,14
1994-1995,1ª,15
1994-1995,1ª,16
1994-1995,1ª,17
1994-1995,1ª,18
1994-1995,1ª,19
1994-1995,1ª,20
1994-1995,1ª,21
1994-1995,1ª,22
1994-1995,1ª,23
1994-1995,1ª,24
1994-1995,1ª,25
1994-1995,1ª,26
1994-1995,1ª,27
1994-1995,1ª,28
1994-1995,1ª,29
1994-1995,1ª,30
1994-1995,1ª,31
1994-1995,1ª,32
1994-1995,1ª,33
1994-1995,1ª,34
1994-1995,1ª,35
1994-1995,1ª,36
1994-1995,1ª,37
1994-1995,1ª,38
1994-1995,2ª,1
1994-1995,2ª,2
1994-1995,2ª,3
1994-1995,2ª,4
1994-1995,2ª,5
1994-1995,2ª,6
1994-1995,2ª,7
1994-1995,2ª,8
1994-1995,2ª,9
1994-1995,2ª,10
1994-1995,2ª,11
1994-1995,2ª,12
1994-1995,2ª,13
1994-1995,2ª,14
1994-1995,2ª,15
1994-1995,2ª,16
1994-1995,2ª,17
1994-1995,2ª,18
1994-1995,2ª,19
1994-1995,2ª,20
1994-1995,2ª,21
1994-1995,2ª,22
1994-1995,2ª,23
1994-1995,2ª,24
1994-1995,2ª,25
1994-1995,2ª,26
1994-1995,2ª,27
1994-1995,2ª,28
1994-1995,2ª,29
1994-1995,2ª,30
1994-1995,2ª,31
1994-1995,2ª,32
1994-1995,2ª,33
1994-1995,2ª,34
1994-1995,2ª,35
1994-1995,2ª,36
1994-1995,2ª,37
1994-1995,2ª,38
1994-1995,Promocion,0
1995-1996,1ª,1
1995-1996,1ª,2
1995-1996,1ª,3
1995-1996,1ª,4
1995-1996,1ª,5
1995-1996,1ª,6
1995-1996,1ª,7
1995-1996,1ª,8
1995-1996,1ª,9
1995-1996,1ª,10
1995-1996,1ª,11
1995-1996,1ª,12
1995-1996,1ª,13
1995-1996,1ª,14
1995-1996,1ª,15
1995-1996,1ª,16
1995-1996,1ª,17
1995-1996,1ª,18
1995-1996,1ª,19
1995-1996,1ª,20
1995-1996,1ª,21
1995-1996,1ª,22
1995-1996,1ª,23
1995-1996,1ª,24
1995-1996,1ª,25
1995-1996,1ª,26
1995-1996,1ª,27
1995-1996,1ª,28
1995-1996,1ª,29
1995-1996,1ª,30
1995-1996,1ª,31
1995-1996,1ª,32
1995-1996,1ª,33
1995-1996,1ª,34
1995-1996,1ª,35
1995-1996,1ª,36
1995-1996,1ª,37
1995-1996,1ª,38
1995-1996,1ª,39
1995-1996,1ª,40
1995-1996,1ª,41
1995-1996,1ª,42
1995-1996,2ª,1
1995-1996,2ª,2
1995-1996,2ª,3
1995-1996,2ª,4
1995-1996,2ª,5
1995-1996,2ª,6
1995-1996,2ª,7
1995-1996,2ª,8
1995-1996,2ª,9
1995-1996,2ª,10
1995-1996,2ª,11
1995-1996,2ª,12
1995-1996,2ª,13
1995-1996,2ª,14
1995-1996,2ª,15
1995-1996,2ª,16
1995-1996,2ª,17
1995-1996,2ª,18
1995-1996,2ª,19
1995-1996,2ª,20
1995-1996,2ª,21
1995-1996,2ª,22
1995-1996,2ª,23
1995-1996,2ª,24
1995-1996,2ª,25
1995-1996,2ª,26
1995-1996,2ª,27
1995-1996,2ª,28
1995-1996,2ª,29
1995-1996,2ª,30
1995-1996,2ª,31
1995-1996,2ª,32
1995-1996,2ª,33
1995-1996,2ª,34
1995-1996,2ª,35
1995-1996,2ª,36
1995-1996,2ª,37
1995-1996,2ª,38
1995-1996,Promocion,0
1996-1997,1ª,1
1996-1997,1ª,2
1996-1997,1ª,3
1996-1997,1ª,4
1996-1997,1ª,5
1996-1997,1ª,6
1996-1997,1ª,7
1996-1997,1ª,8
1996-1997,1ª,9
1996-1997,1ª,10
1996-1997,1ª,11
1996-1997,1ª,12
1996-1997,1ª,13
1996-1997,1ª,14
1996-1997,1ª,15
1996-1997,1ª,16
1996-1997,1ª,17
1996-1997,1ª,18
1996-1997,1ª,19
1996-1997,1ª,20
1996-1997,1ª,21
1996-1997,1ª,22
1996-1997,1ª,23
1996-1997,1ª,24
1996-1997,1ª,25
1996-1997,1ª,26
1996-1997,1ª,27
1996-1997,1ª,28
1996-1997,1ª,29
1996-1997,1ª,30
1996-1997,1ª,31
1996-1997,1ª,32
1996-1997,1ª,33
1996-1997,1ª,34
1996-1997,1ª,35
1996-1997,1ª,36
1996-1997,1ª,37
1996-1997,1ª,38
1996-1997,1ª,39
1996-1997,1ª,40
1996-1997,1ª,41
1996-1997,1ª,42
1996-1997,2ª,1
1996-1997,2ª,2
1996-1997,2ª,3
1996-1997,2ª,4
1996-1997,2ª,5
1996-1997,2ª,6
1996-1997,2ª,7
1996-1997,2ª,8
1996-1997,2ª,9
1996-1997,2ª,10
1996-1997,2ª,11
1996-1997,2ª,12
1996-1997,2ª,13
1996-1997,2ª,14
1996-1997,2ª,15
1996-1997,2ª,16
1996-1997,2ª,17
1996-1997,2ª,18
1996-1997,2ª,19
1996-1997,2ª,20
1996-1997,2ª,21
1996-1997,2ª,22
1996-1997,2ª,23
1996-1997,2ª,24
1996-1997,2ª,25
1996-1997,2ª,26
1996-1997,2ª,27
1996-1997,2ª,28
1996-1997,2ª,29
1996-1997,2ª,30
1996-1997,2ª,31
1996-1997,2ª,32
1996-1997,2ª,33
1996-1997,2ª,34
1996-1997,2ª,35
1996-1997,2ª,36
1996-1997,2ª,37
1996-1997,2ª,38
1996-1997,Promocion,0
1997-1998,1ª,1
1997-1998,1ª,2
1997-1998,1ª,3
1997-1998,1ª,4
1997-1998,1ª,5
1997-1998,1ª,6
1997-1998,1ª,7
1997-1998,1ª,8
1997-1998,1ª,9
1997-1998,1ª,10
1997-1998,1ª,11
1997-1998,1ª,12
1997-1998,1ª,13
1997-1998,1ª,14
1997-1998,1ª,15
1997-1998,1ª,16
1997-1998,1ª,17
1997-1998,1ª,18
1997-1998,1ª,19
1997-1998,1ª,20
1997-1998,1ª,21
1997-1998,1ª,22
1997-1998,1ª,23
1997-1998,1ª,24
1997-1998,1ª,25
1997-1998,1ª,26
1997-1998,1ª,27
1997-1998,1ª,28
1997-1998,1ª,29
1997-1998,1ª,30
1997-1998,1ª,31
1997-1998,1ª,32
1997-1998,1ª,33
1997-1998,1ª,34
1997-1998,1ª,35
1997-1998,1ª,36
1997-1998,1ª,37
1997-1998,1ª,38
1997-1998,2ª,1
1997-1998,2ª,2
1997-1998,2ª,3
1997-1998,2ª,4
1997-1998,2ª,5
1997-1998,2ª,6
1997-1998,2ª,7
1997-1998,2ª,8
1997-1998,2ª,9
1997-1998,2ª,10
1997-1998,2ª,11
1997-1998,2ª,12
1997-1998,2ª,13
1997-1998,2ª,14
1997-1998,2ª,15
1997-1998,2ª,16
1997-1998,2ª,17
1997-1998,2ª,18
1997-1998,2ª,19
1997-1998,2ª,20
1997-1998,2ª,21
1997-1998,2ª,22
1997-1998,2ª,23
1997-1998,2ª,24
1997-1998,2ª,25
1997-1998,2ª,26
1997-1998,2ª,27
1997-1998,2ª,28
1997-1998,2ª,29
1997-1998,2ª,30
1997-1998,2ª,31
1997-1998,2ª,32
1997-1998,2ª,33
1997-1998,2ª,34
1997-1998,2ª,35
1997-1998,2ª,36
1997-1998,2ª,37
1997-1998,2ª,38
1997-1998,2ª,39
1997-1998,2ª,40
1997-1998,2ª,41
1997-1998,2ª,42
1997-1998,Promocion,0
1998-1999,1ª,1
1998-1999,1ª,2
1998-1999,1ª,3
1998-1999,1ª,4
1998-1999,1ª,5
1998-1999,1ª,6
1998-1999,1ª,7
1998-1999,1ª,8
1998-1999,1ª,9
1998-1999,1ª,10
1998-1999,1ª,11
1998-1999,1ª,12
1998-1999,1ª,13
1998-1999,1ª,14
1998-1999,1ª,15
1998-1999,1ª,16
1998-1999,1ª,17
1998-1999,1ª,18
1998-1999,1ª,19
1998-1999,1ª,20
1998-1999,1ª,21
1998-1999,1ª,22
1998-1999,1ª,23
1998-1999,1ª,24
1998-1999,1ª,25
1998-1999,1ª,26
1998-1999,1ª,27
1998-1999,1ª,28
1998-1999,1ª,29
1998-1999,1ª,30
1998-1999,1ª,31
1998-1999,1ª,32
1998-1999,1ª,33
1998-1999,1ª,34
1998-1999,1ª,35
1998-1999,1ª,36
1998-1999,1ª,37
1998-1999,1ª,38
1998-1999,2ª,1
1998-1999,2ª,2
1998-1999,2ª,3
1998-1999,2ª,4
1998-1999,2ª,5
1998-1999,2ª,6
1998-1999,2ª,7
1998-1999,2ª,8
1998-1999,2ª,9
1998-1999,2ª,10
1998-1999,2ª,11
1998-1999,2ª,12
1998-1999,2ª,13
1998-1999,2ª,14
1998-1999,2ª,15
1998-1999,2ª,16
1998-1999,2ª,17
1998-1999,2ª,18
1998-1999,2ª,19
1998-1999,2ª,20
1998-1999,2ª,21
1998-1999,2ª,22
1998-1999,2ª,23
1998-1999,2ª,24
1998-1999,2ª,25
1998-1999,2ª,26
1998-1999,2ª,27
1998-1999,2ª,28
1998-1999,2ª,29
1998-1999,2ª,30
1998-1999,2ª,31
1998-1999,2ª,32
1998-1999,2ª,33
1998-1999,2ª,34
1998-1999,2ª,35
1998-1999,2ª,36
1998-1999,2ª,37
1998-1999,2ª,38
1998-1999,2ª,39
1998-1999,2ª,40
1998-1999,2ª,41
1998-1999,2ª,42
1998-1999,Promocion,0
1999-2000,1ª,1
1999-2000,1ª,2
1999-2000,1ª,3
1999-2000,1ª,4
1999-2000,1ª,5
1999-2000,1ª,6
1999-2000,1ª,7
1999-2000,1ª,8
1999-2000,1ª,9
1999-2000,1ª,10
1999-2000,1ª,11
1999-2000,1ª,12
1999-2000,1ª,13
1999-2000,1ª,14
1999-2000,1ª,15
1999-2000,1ª,16
1999-2000,1ª,17
1999-2000,1ª,18
1999-2000,1ª,19
1999-2000,1ª,20
1999-2000,1ª,21
1999-2000,1ª,22
1999-2000,1ª,23
1999-2000,1ª,24
1999-2000,1ª,25
1999-2000,1ª,26
1999-2000,1ª,27
1999-2000,1ª,28
1999-2000,1ª,29
1999-2000,1ª,30
1999-2000,1ª,31
1999-2000,1ª,32
1999-2000,1ª,33
1999-2000,1ª,34
1999-2000,1ª,35
1999-2000,1ª,36
1999-2000,1ª,37
1999-2000,1ª,38
1999-2000,2ª,1
1999-2000,2ª,2
1999-2000,2ª,3
1999-2000,2ª,4
1999-2000,2ª,5
1999-2000,2ª,6
1999-2000,2ª,7
1999-2000,2ª,8
1999-2000,2ª,9
1999-2000,2ª,10
1999-2000,2ª,11
1999-2000,2ª,12
1999-2000,2ª,13
1999-2000,2ª,14
1999-2000,2ª,15
1999-2000,2ª,16
1999-2000,2ª,17
1999-2000,2ª,18
1999-2000,2ª,19
1999-2000,2ª,20
1999-2000,2ª,21
1999-2000,2ª,22
1999-2000,2ª,23
1999-2000,2ª,24
1999-2000,2ª,25
1999-2000,2ª,26
1999-2000,2ª,27
1999-2000,2ª,28
1999-2000,2ª,29
1999-2000,2ª,30
1999-2000,2ª,31
1999-2000,2ª,32
1999-2000,2ª,33
1999-2000,2ª,34
1999-2000,2ª,35
1999-2000,2ª,36
1999-2000,2ª,37
1999-2000,2ª,38
1999-2000,2ª,39
1999-2000,2ª,40
1999-2000,2ª,41
1999-2000,2ª,42
2000-2001,1ª,1
2000-2001,1ª,2
2000-2001,1ª,3
2000-2001,1ª,4
2000-2001,1ª,5
2000-2001,1ª,6
2000-2001,1ª,7
2000-2001,1ª,8
2000-2001,1ª,9
2000-2001,1ª,10
2000-2001,1ª,11
2000-2001,1ª,12
2000-2001,1ª,13
2000-2001,1ª,14
2000-2001,1ª,15
2000-2001,1ª,16
2000-2001,1ª,17
2000-2001,1ª,18
2000-2001,1ª,19
2000-2001,1ª,20
2000-2001,1ª,21
2000-2001,1ª,22
2000-2001,1ª,23
2000-2001,1ª,24
2000-2001,1ª,25
2000-2001,1ª,26
2000-2001,1ª,27
2000-2001,1ª,28
2000-2001,1ª,29
2000-2001,1ª,30
2000-2001,1ª,31
2000-2001,1ª,32
2000-2001,1ª,33
2000-2001,1ª,34
2000-2001,1ª,35
2000-2001,1ª,36
2000-2001,1ª,37
2000-2001,1ª,38
2000-2001,2ª,1
2000-2001,2ª,2
2000-2001,2ª,3
2000-2001,2ª,4
2000-2001,2ª,5
2000-2001,2ª,6
2000-2001,2ª,7
2000-2001,2ª,8
2000-2001,2ª,9
2000-2001,2ª,10
2000-2001,2ª,11
2000-2001,2ª,12
2000-2001,2ª,13
2000-2001,2ª,14
2000-2001,2ª,15
2000-2001,2ª,16
2000-2001,2ª,17
2000-2001,2ª,18
2000-2001,2ª,19
2000-2001,2ª,20
2000-2001,2ª,21
2000-2001,2ª,22
2000-2001,2ª,23
2000-2001,2ª,24
2000-2001,2ª,25
2000-2001,2ª,26
2000-2001,2ª,27
2000-2001,2ª,28
2000-2001,2ª,29
2000-2001,2ª,30
2000-2001,2ª,31
2000-2001,2ª,32
2000-2001,2ª,33
2000-2001,2ª,34
2000-2001,2ª,35
2000-2001,2ª,36
2000-2001,2ª,37
2000-2001,2ª,38
2000-2001,2ª,39
2000-2001,2ª,40
2000-2001,2ª,41
2000-2001,2ª,42
2001-2002,1ª,1
2001-2002,1ª,2
2001-2002,1ª,3
2001-2002,1ª,4
2001-2002,1ª,5
2001-2002,1ª,6
2001-2002,1ª,7
2001-2002,1ª,8
2001-2002,1ª,9
2001-2002,1ª,10
2001-2002,1ª,11
2001-2002,1ª,12
2001-2002,1ª,13
2001-2002,1ª,14
2001-2002,1ª,15
2001-2002,1ª,16
2001-2002,1ª,17
2001-2002,1ª,18
2001-2002,1ª,19
2001-2002,1ª,20
2001-2002,1ª,21
2001-2002,1ª,22
2001-2002,1ª,23
2001-2002,1ª,24
2001-2002,1ª,25
2001-2002,1ª,26
2001-2002,1ª,27
2001-2002,1ª,28
2001-2002,1ª,29
2001-2002,1ª,30
2001-2002,1ª,31
2001-2002,1ª,32
2001-2002,1ª,33
2001-2002,1ª,34
2001-2002,1ª,35
2001-2002,1ª,36
2001-2002,1ª,37
2001-2002,1ª,38
2001-2002,2ª,1
2001-2002,2ª,2
2001-2002,2ª,3
2001-2002,2ª,4
2001-2002,2ª,5
2001-2002,2ª,6
2001-2002,2ª,7
2001-2002,2ª,8
2001-2002,2ª,9
2001-2002,2ª,10
2001-2002,2ª,11
2001-2002,2ª,12
2001-2002,2ª,13
2001-2002,2ª,14
2001-2002,2ª,15
2001-2002,2ª,16
2001-2002,2ª,17
2001-2002,2ª,18
2001-2002,2ª,19
2001-2002,2ª,20
2001-2002,2ª,21
2001-2002,2ª,22
2001-2002,2ª,23
2001-2002,2ª,24
2001-2002,2ª,25
2001-2002,2ª,26
2001-2002,2ª,27
2001-2002,2ª,28
2001-2002,2ª,29
2001-2002,2ª,30
2001-2002,2ª,31
2001-2002,2ª,32
2001-2002,2ª,33
2001-2002,2ª,34
2001-2002,2ª,35
2001-2002,2ª,36
2001-2002,2ª,37
2001-2002,2ª,38
2001-2002,2ª,39
2001-2002,2ª,40
2001-2002,2ª,41
2001-2002,2ª,42
2002-2003,1ª,1
2002-2003,1ª,2
2002-2003,1ª,3
2002-2003,1ª,4
2002-2003,1ª,5
2002-2003,1ª,6
2002-2003,1ª,7
2002-2003,1ª,8
2002-2003,1ª,9
2002-2003,1ª,10
2002-2003,1ª,11
2002-2003,1ª,12
2002-2003,1ª,13
2002-2003,1ª,14
2002-2003,1ª,15
2002-2003,1ª,16
2002-2003,1ª,17
2002-2003,1ª,18
2002-2003,1ª,19
2002-2003,1ª,20
2002-2003,1ª,21
2002-2003,1ª,22
2002-2003,1ª,23
2002-2003,1ª,24
2002-2003,1ª,25
2002-2003,1ª,26
2002-2003,1ª,27
2002-2003,1ª,28
2002-2003,1ª,29
2002-2003,1ª,30
2002-2003,1ª,31
2002-2003,1ª,32
2002-2003,1ª,33
2002-2003,1ª,34
2002-2003,1ª,35
2002-2003,1ª,36
2002-2003,1ª,37
2002-2003,1ª,38
2002-2003,2ª,1
2002-2003,2ª,2
2002-2003,2ª,3
2002-2003,2ª,4
2002-2003,2ª,5
2002-2003,2ª,6
2002-2003,2ª,7
2002-2003,2ª,8
2002-2003,2ª,9
2002-2003,2ª,10
2002-2003,2ª,11
2002-2003,2ª,12
2002-2003,2ª,13
2002-2003,2ª,14
2002-2003,2ª,15
2002-2003,2ª,16
2002-2003,2ª,17
2002-2003,2ª,18
2002-2003,2ª,19
2002-2003,2ª,20
2002-2003,2ª,21
2002-2003,2ª,22
2002-2003,2ª,23
2002-2003,2ª,24
2002-2003,2ª,25
2002-2003,2ª,26
2002-2003,2ª,27
2002-2003,2ª,28
2002-2003,2ª,29
2002-2003,2ª,30
2002-2003,2ª,31
2002-2003,2ª,32
2002-2003,2ª,33
2002-2003,2ª,34
2002-2003,2ª,35
2002-2003,2ª,36
2002-2003,2ª,37
2002-2003,2ª,38
2002-2003,2ª,39
2002-2003,2ª,40
2002-2003,2ª,41
2002-2003,2ª,42
2003-2004,1ª,1
2003-2004,1ª,2
2003-2004,1ª,3
2003-2004,1ª,4
2003-2004,1ª,5
2003-2004,1ª,6
2003-2004,1ª,7
2003-2004,1ª,8
2003-2004,1ª,9
2003-2004,1ª,10
2003-2004,1ª,11
2003-2004,1ª,12
2003-2004,1ª,13
2003-2004,1ª,14
2003-2004,1ª,15
2003-2004,1ª,16
2003-2004,1ª,17
2003-2004,1ª,18
2003-2004,1ª,19
2003-2004,1ª,20
2003-2004,1ª,21
2003-2004,1ª,22
2003-2004,1ª,23
2003-2004,1ª,24
2003-2004,1ª,25
2003-2004,1ª,26
2003-2004,1ª,27
2003-2004,1ª,28
2003-2004,1ª,29
2003-2004,1ª,30
2003-2004,1ª,31
2003-2004,1ª,32
2003-2004,1ª,33
2003-2004,1ª,34
2003-2004,1ª,35
2003-2004,1ª,36
2003-2004,1ª,37
2003-2004,1ª,38
2003-2004,2ª,1
2003-2004,2ª,2
2003-2004,2ª,3
2003-2004,2ª,4
2003-2004,2ª,5
2003-2004,2ª,6
2003-2004,2ª,7
2003-2004,2ª,8
2003-2004,2ª,9
2003-2004,2ª,10
2003-2004,2ª,11
2003-2004,2ª,12
2003-2004,2ª,13
2003-2004,2ª,14
2003-2004,2ª,15
2003-2004,2ª,16
2003-2004,2ª,17
2003-2004,2ª,18
2003-2004,2ª,19
2003-2004,2ª,20
2003-2004,2ª,21
2003-2004,2ª,22
2003-2004,2ª,23
2003-2004,2ª,24
2003-2004,2ª,25
2003-2004,2ª,26
2003-2004,2ª,27
2003-2004,2ª,28
2003-2004,2ª,29
2003-2004,2ª,30
2003-2004,2ª,31
2003-2004,2ª,32
2003-2004,2ª,33
2003-2004,2ª,34
2003-2004,2ª,35
2003-2004,2ª,36
2003-2004,2ª,37
2003-2004,2ª,38
2003-2004,2ª,39
2003-2004,2ª,40
2003-2004,2ª,41
2003-2004,2ª,42
2004-2005,1ª,1
2004-2005,1ª,2
2004-2005,1ª,3
2004-2005,1ª,4
2004-2005,1ª,5
2004-2005,1ª,6
2004-2005,1ª,7
2004-2005,1ª,8
2004-2005,1ª,9
2004-2005,1ª,10
2004-2005,1ª,11
2004-2005,1ª,12
2004-2005,1ª,13
2004-2005,1ª,14
2004-2005,1ª,15
2004-2005,1ª,16
2004-2005,1ª,17
2004-2005,1ª,18
2004-2005,1ª,19
2004-2005,1ª,20
2004-2005,1ª,21
2004-2005,1ª,22
2004-2005,1ª,23
2004-2005,1ª,24
2004-2005,1ª,25
2004-2005,1ª,26
2004-2005,1ª,27
2004-2005,1ª,28
2004-2005,1ª,29
2004-2005,1ª,30
2004-2005,1ª,31
2004-2005,1ª,32
2004-2005,1ª,33
2004-2005,1ª,34
2004-2005,1ª,35
2004-2005,1ª,36
2004-2005,1ª,37
2004-2005,1ª,38
2004-2005,2ª,1
2004-2005,2ª,2
2004-2005,2ª,3
2004-2005,2ª,4
2004-2005,2ª,5
2004-2005,2ª,6
2004-2005,2ª,7
2004-2005,2ª,8
2004-2005,2ª,9
2004-2005,2ª,10
2004-2005,2ª,11
2004-2005,2ª,12
2004-2005,2ª,13
2004-2005,2ª,14
2004-2005,2ª,15
2004-2005,2ª,16
2004-2005,2ª,17
2004-2005,2ª,18
2004-2005,2ª,19
2004-2005,2ª,20
2004-2005,2ª,21
2004-2005,2ª,22
2004-2005,2ª,23
2004-2005,2ª,24
2004-2005,2ª,25
2004-2005,2ª,26
2004-2005,2ª,27
2004-2005,2ª,28
2004-2005,2ª,29
2004-2005,2ª,30
2004-2005,2ª,31
2004-2005,2ª,32
2004-2005,2ª,33
2004-2005,2ª,34
2004-2005,2ª,35
2004-2005,2ª,36
2004-2005,2ª,37
2004-2005,2ª,38
2004-2005,2ª,39
2004-2005,2ª,40
2004-2005,2ª,41
2004-2005,2ª,42
2005-2006,1ª,1
2005-2006,1ª,2
2005-2006,1ª,3
2005-2006,1ª,4
2005-2006,1ª,5
2005-2006,1ª,6
2005-2006,1ª,7
2005-2006,1ª,8
2005-2006,1ª,9
2005-2006,1ª,10
2005-2006,1ª,11
2005-2006,1ª,12
2005-2006,1ª,13
2005-2006,1ª,14
2005-2006,1ª,15
2005-2006,1ª,16
2005-2006,1ª,17
2005-2006,1ª,18
2005-2006,1ª,19
2005-2006,1ª,20
2005-2006,1ª,21
2005-2006,1ª,22
2005-2006,1ª,23
2005-2006,1ª,24
2005-2006,1ª,25
2005-2006,1ª,26
2005-2006,1ª,27
2005-2006,1ª,28
2005-2006,1ª,29
2005-2006,1ª,30
2005-2006,1ª,31
2005-2006,1ª,32
2005-2006,1ª,33
2005-2006,1ª,34
2005-2006,1ª,35
2005-2006,1ª,36
2005-2006,1ª,37
2005-2006,1ª,38
2005-2006,2ª,1
2005-2006,2ª,2
2005-2006,2ª,3
2005-2006,2ª,4
2005-2006,2ª,5
2005-2006,2ª,6
2005-2006,2ª,7
2005-2006,2ª,8
2005-2006,2ª,9
2005-2006,2ª,10
2005-2006,2ª,11
2005-2006,2ª,12
2005-2006,2ª,13
2005-2006,2ª,14
2005-2006,2ª,15
2005-2006,2ª,16
2005-2006,2ª,17
2005-2006,2ª,18
2005-2006,2ª,19
2005-2006,2ª,20
2005-2006,2ª,21
2005-2006,2ª,22
2005-2006,2ª,23
2005-2006,2ª,24
2005-2006,2ª,25
2005-2006,2ª,26
2005-2006,2ª,27
2005-2006,2ª,28
2005-2006,2ª,29
2005-2006,2ª,30
2005-2006,2ª,31
2005-2006,2ª,32
2005-2006,2ª,33
2005-2006,2ª,34
2005-2006,2ª,35
2005-2006,2ª,36
2005-2006,2ª,37
2005-2006,2ª,38
2005-2006,2ª,39
2005-2006,2ª,40
2005-2006,2ª,41
2005-2006,2ª,42
2006-2007,1ª,1
2006-2007,1ª,2
2006-2007,1ª,3
2006-2007,1ª,4
2006-2007,1ª,5
2006-2007,1ª,6
2006-2007,1ª,7
2006-2007,1ª,8
2006-2007,1ª,9
2006-2007,1ª,10
2006-2007,1ª,11
2006-2007,1ª,12
2006-2007,1ª,13
2006-2007,1ª,14
2006-2007,1ª,15
2006-2007,1ª,16
2006-2007,1ª,17
2006-2007,1ª,18
2006-2007,1ª,19
2006-2007,1ª,20
2006-2007,1ª,21
2006-2007,1ª,22
2006-2007,1ª,23
2006-2007,1ª,24
2006-2007,1ª,25
2006-2007,1ª,26
2006-2007,1ª,27
2006-2007,1ª,28
2006-2007,1ª,29
2006-2007,1ª,30
2006-2007,1ª,31
2006-2007,1ª,32
2006-2007,1ª,33
2006-2007,1ª,34
2006-2007,1ª,35
2006-2007,1ª,36
2006-2007,1ª,37
2006-2007,1ª,38
2006-2007,2ª,1
2006-2007,2ª,2
2006-2007,2ª,3
2006-2007,2ª,4
2006-2007,2ª,5
2006-2007,2ª,6
2006-2007,2ª,7
2006-2007,2ª,8
2006-2007,2ª,9
2006-2007,2ª,10
2006-2007,2ª,11
2006-2007,2ª,12
2006-2007,2ª,13
2006-2007,2ª,14
2006-2007,2ª,15
2006-2007,2ª,16
2006-2007,2ª,17
2006-2007,2ª,18
2006-2007,2ª,19
2006-2007,2ª,20
2006-2007,2ª,21
2006-2007,2ª,22
2006-2007,2ª,23
2006-2007,2ª,24
2006-2007,2ª,25
2006-2007,2ª,26
2006-2007,2ª,27
2006-2007,2ª,28
2006-2007,2ª,29
2006-2007,2ª,30
2006-2007,2ª,31
2006-2007,2ª,32
2006-2007,2ª,33
2006-2007,2ª,34
2006-2007,2ª,35
2006-2007,2ª,36
2006-2007,2ª,37
2006-2007,2ª,38
2006-2007,2ª,39
2006-2007,2ª,40
2006-2007,2ª,41
2006-2007,2ª,42
2007-2008,1ª,1
2007-2008,1ª,2
2007-2008,1ª,3
2007-2008,1ª,4
2007-2008,1ª,5
2007-2008,1ª,6
2007-2008,1ª,7
2007-2008,1ª,8
2007-2008,1ª,9
2007-2008,1ª,10
2007-2008,1ª,11
2007-2008,1ª,12
2007-2008,1ª,13
2007-2008,1ª,14
2007-2008,1ª,15
2007-2008,1ª,16
2007-2008,1ª,17
2007-2008,1ª,18
2007-2008,1ª,19
2007-2008,1ª,20
2007-2008,1ª,21
2007-2008,1ª,22
2007-2008,1ª,23
2007-2008,1ª,24
2007-2008,1ª,25
2007-2008,1ª,26
2007-2008,1ª,27
2007-2008,1ª,28
2007-2008,1ª,29
2007-2008,1ª,30
2007-2008,1ª,31
2007-2008,1ª,32
2007-2008,1ª,33
2007-2008,1ª,34
2007-2008,1ª,35
2007-2008,1ª,36
2007-2008,1ª,37
2007-2008,1ª,38
2007-2008,2ª,1
2007-2008,2ª,2
2007-2008,2ª,3
2007-2008,2ª,4
2007-2008,2ª,5
2007-2008,2ª,6
2007-2008,2ª,7
2007-2008,2ª,8
2007-2008,2ª,9
2007-2008,2ª,10
2007-2008,2ª,11
2007-2008,2ª,12
2007-2008,2ª,13
2007-2008,2ª,14
2007-2008,2ª,15
2007-2008,2ª,16
2007-2008,2ª,17
2007-2008,2ª,18
2007-2008,2ª,19
2007-2008,2ª,20
2007-2008,2ª,21
2007-2008,2ª,22
2007-2008,2ª,23
2007-2008,2ª,24
2007-2008,2ª,25
2007-2008,2ª,26
2007-2008,2ª,27
2007-2008,2ª,28
2007-2008,2ª,29
2007-2008,2ª,30
2007-2008,2ª,31
2007-2008,2ª,32
2007-2008,2ª,33
2007-2008,2ª,34
2007-2008,2ª,35
2007-2008,2ª,36
2007-2008,2ª,37
2007-2008,2ª,38
2007-2008,2ª,39
2007-2008,2ª,40
2007-2008,2ª,41
2007-2008,2ª,42
2008-2009,1ª,1
2008-2009,1ª,2
2008-2009,1ª,3
2008-2009,1ª,4
2008-2009,1ª,5
2008-2009,1ª,6
2008-2009,1ª,7
2008-2009,1ª,8
2008-2009,1ª,9
2008-2009,1ª,10
2008-2009,1ª,11
2008-2009,1ª,12
2008-2009,1ª,13
2008-2009,1ª,14
2008-2009,1ª,15
2008-2009,1ª,16
2008-2009,1ª,17
2008-2009,1ª,18
2008-2009,1ª,19
2008-2009,1ª,20
2008-2009,1ª,21
2008-2009,1ª,22
2008-2009,1ª,23
2008-2009,1ª,24
2008-2009,1ª,25
2008-2009,1ª,26
2008-2009,1ª,27
2008-2009,1ª,28
2008-2009,1ª,29
2008-2009,1ª,30
2008-2009,1ª,31
2008-2009,1ª,32
2008-2009,1ª,33
2008-2009,1ª,34
2008-2009,1ª,35
2008-2009,1ª,36
2008-2009,1ª,37
2008-2009,1ª,38
2008-2009,2ª,1
2008-2009,2ª,2
2008-2009,2ª,3
2008-2009,2ª,4
2008-2009,2ª,5
2008-2009,2ª,6
2008-2009,2ª,7
2008-2009,2ª,8
2008-2009,2ª,9
2008-2009,2ª,10
2008-2009,2ª,11
2008-2009,2ª,12
2008-2009,2ª,13
2008-2009,2ª,14
2008-2009,2ª,15
2008-2009,2ª,16
2008-2009,2ª,17
2008-2009,2ª,18
2008-2009,2ª,19
2008-2009,2ª,20
2008-2009,2ª,21
2008-2009,2ª,22
2008-2009,2ª,23
2008-2009,2ª,24
2008-2009,2ª,25
2008-2009,2ª,26
2008-2009,2ª,27
2008-2009,2ª,28
2008-2009,2ª,29
2008-2009,2ª,30
2008-2009,2ª,31
2008-2009,2ª,32
2008-2009,2ª,33
2008-2009,2ª,34
2008-2009,2ª,35
2008-2009,2ª,36
2008-2009,2ª,37
2008-2009,2ª,38
2008-2009,2ª,39
2008-2009,2ª,40
2008-2009,2ª,41
2008-2009,2ª,42
2009-2010,1ª,1
2009-2010,1ª,2
2009-2010,1ª,3
2009-2010,1ª,4
2009-2010,1ª,5
2009-2010,1ª,6
2009-2010,1ª,7
2009-2010,1ª,8
2009-2010,1ª,9
2009-2010,1ª,10
2009-2010,1ª,11
2009-2010,1ª,12
2009-2010,1ª,13
2009-2010,1ª,14
2009-2010,1ª,15
2009-2010,1ª,16
2009-2010,1ª,17
2009-2010,1ª,18
2009-2010,1ª,19
2009-2010,1ª,20
2009-2010,1ª,21
2009-2010,1ª,22
2009-2010,1ª,23
2009-2010,1ª,24
2009-2010,1ª,25
2009-2010,1ª,26
2009-2010,1ª,27
2009-2010,1ª,28
2009-2010,1ª,29
2009-2010,1ª,30
2009-2010,1ª,31
2009-2010,1ª,32
2009-2010,1ª,33
2009-2010,1ª,34
2009-2010,1ª,35
2009-2010,1ª,36
2009-2010,1ª,37
2009-2010,1ª,38
2009-2010,2ª,1
2009-2010,2ª,2
2009-2010,2ª,3
2009-2010,2ª,4
2009-2010,2ª,5
2009-2010,2ª,6
2009-2010,2ª,7
2009-2010,2ª,8
2009-2010,2ª,9
2009-2010,2ª,10
2009-2010,2ª,11
2009-2010,2ª,12
2009-2010,2ª,13
2009-2010,2ª,14
2009-2010,2ª,15
2009-2010,2ª,16
2009-2010,2ª,17
2009-2010,2ª,18
2009-2010,2ª,19
2009-2010,2ª,20
2009-2010,2ª,21
2009-2010,2ª,22
2009-2010,2ª,23
2009-2010,2ª,24
2009-2010,2ª,25
2009-2010,2ª,26
2009-2010,2ª,27
2009-2010,2ª,28
2009-2010,2ª,29
2009-2010,2ª,30
2009-2010,2ª,31
2009-2010,2ª,32
2009-2010,2ª,33
2009-2010,2ª,34
2009-2010,2ª,35
2009-2010,2ª,36
2009-2010,2ª,37
2009-2010,2ª,38
2009-2010,2ª,39
2009-2010,2ª,40
2009-2010,2ª,41
2009-2010,2ª,42
2010-2011,1ª,1
2010-2011,1ª,2
2010-2011,1ª,3
2010-2011,1ª,4
2010-2011,1ª,5
2010-2011,1ª,6
2010-2011,1ª,7
2010-2011,1ª,8
2010-2011,1ª,9
2010-2011,1ª,10
2010-2011,1ª,11
2010-2011,1ª,12
2010-2011,1ª,13
2010-2011,1ª,14
2010-2011,1ª,15
2010-2011,1ª,16
2010-2011,1ª,17
2010-2011,1ª,18
2010-2011,1ª,19
2010-2011,1ª,20
2010-2011,1ª,21
2010-2011,1ª,22
2010-2011,1ª,23
2010-2011,1ª,24
2010-2011,1ª,25
2010-2011,1ª,26
2010-2011,1ª,27
2010-2011,1ª,28
2010-2011,1ª,29
2010-2011,1ª,30
2010-2011,1ª,31
2010-2011,1ª,32
2010-2011,1ª,33
2010-2011,1ª,34
2010-2011,1ª,35
2010-2011,1ª,36
2010-2011,1ª,37
2010-2011,1ª,38
2010-2011,2ª,1
2010-2011,2ª,2
2010-2011,2ª,3
2010-2011,2ª,4
2010-2011,2ª,5
2010-2011,2ª,6
2010-2011,2ª,7
2010-2011,2ª,8
2010-2011,2ª,9
2010-2011,2ª,10
2010-2011,2ª,11
2010-2011,2ª,12
2010-2011,2ª,13
2010-2011,2ª,14
2010-2011,2ª,15
2010-2011,2ª,16
2010-2011,2ª,17
2010-2011,2ª,18
2010-2011,2ª,19
2010-2011,2ª,20
2010-2011,2ª,21
2010-2011,2ª,22
2010-2011,2ª,23
2010-2011,2ª,24
2010-2011,2ª,25
2010-2011,2ª,26
2010-2011,2ª,27
2010-2011,2ª,28
2010-2011,2ª,29
2010-2011,2ª,30
2010-2011,2ª,31
2010-2011,2ª,32
2010-2011,2ª,33
2010-2011,2ª,34
2010-2011,2ª,35
2010-2011,2ª,36
2010-2011,2ª,37
2010-2011,2ª,38
2010-2011,2ª,39
2010-2011,2ª,40
2010-2011,2ª,41
2010-2011,2ª,42
2010-2011,Promocion,0
2011-2012,1ª,1
2011-2012,1ª,2
2011-2012,1ª,3
2011-2012,1ª,4
2011-2012,1ª,5
2011-2012,1ª,6
2011-2012,1ª,7
2011-2012,1ª,8
2011-2012,1ª,9
2011-2012,1ª,10
2011-2012,1ª,11
2011-2012,1ª,12
2011-2012,1ª,13
2011-2012,1ª,14
2011-2012,1ª,15
2011-2012,1ª,16
2011-2012,1ª,17
2011-2012,1ª,18
2011-2012,1ª,19
2011-2012,1ª,20
2011-2012,1ª,21
2011-2012,1ª,22
2011-2012,1ª,23
2011-2012,1ª,24
2011-2012,1ª,25
2011-2012,1ª,26
2011-2012,1ª,27
2011-2012,1ª,28
2011-2012,1ª,29
2011-2012,1ª,30
2011-2012,1ª,31
2011-2012,1ª,32
2011-2012,1ª,33
2011-2012,1ª,34
2011-2012,1ª,35
2011-2012,1ª,36
2011-2012,1ª,37
2011-2012,1ª,38
2011-2012,2ª,1
2011-2012,2ª,2
2011-2012,2ª,3
2011-2012,2ª,4
2011-2012,2ª,5
2011-2012,2ª,6
2011-2012,2ª,7
2011-2012,2ª,8
2011-2012,2ª,9
2011-2012,2ª,10
2011-2012,2ª,11
2011-2012,2ª,12
2011-2012,2ª,13
2011-2012,2ª,14
2011-2012,2ª,15
2011-2012,2ª,16
2011-2012,2ª,17
2011-2012,2ª,18
2011-2012,2ª,19
2011-2012,2ª,20
2011-2012,2ª,21
2011-2012,2ª,22
2011-2012,2ª,23
2011-2012,2ª,24
2011-2012,2ª,25
2011-2012,2ª,26
2011-2012,2ª,27
2011-2012,2ª,28
2011-2012,2ª,29
2011-2012,2ª,30
2011-2012,2ª,31
2011-2012,2ª,32
2011-2012,2ª,33
2011-2012,2ª,34
2011-2012,2ª,35
2011-2012,2ª,36
2011-2012,2ª,37
2011-2012,2ª,38
2011-2012,2ª,39
2011-2012,2ª,40
2011-2012,2ª,41
2011-2012,2ª,42
2011-2012,Promocion,0
2012-2013,1ª,1
2012-2013,1ª,2
2012-2013,1ª,3
2012-2013,1ª,4
2012-2013,1ª,5
2012-2013,1ª,6
2012-2013,1ª,7
2012-2013,1ª,8
2012-2013,1ª,9
2012-2013,1ª,10
2012-2013,1ª,11
2012-2013,1ª,12
2012-2013,1ª,13
2012-2013,1ª,14
2012-2013,1ª,15
2012-2013,1ª,16
2012-2013,1ª,17
2012-2013,1ª,18
2012-2013,1ª,19
2012-2013,1ª,20
2012-2013,1ª,21
2012-2013,1ª,22
2012-2013,1ª,23
2012-2013,1ª,24
2012-2013,1ª,25
2012-2013,1ª,26
2012-2013,1ª,27
2012-2013,1ª,28
2012-2013,1ª,29
2012-2013,1ª,30
2012-2013,1ª,31
2012-2013,1ª,32
2012-2013,1ª,33
2012-2013,1ª,34
2012-2013,1ª,35
2012-2013,1ª,36
2012-2013,1ª,37
2012-2013,1ª,38
2012-2013,2ª,1
2012-2013,2ª,2
2012-2013,2ª,3
2012-2013,2ª,4
2012-2013,2ª,5
2012-2013,2ª,6
2012-2013,2ª,7
2012-2013,2ª,8
2012-2013,2ª,9
2012-2013,2ª,10
2012-2013,2ª,11
2012-2013,2ª,12
2012-2013,2ª,13
2012-2013,2ª,14
2012-2013,2ª,15
2012-2013,2ª,16
2012-2013,2ª,17
2012-2013,2ª,18
2012-2013,2ª,19
2012-2013,2ª,20
2012-2013,2ª,21
2012-2013,2ª,22
2012-2013,2ª,23
2012-2013,2ª,24
2012-2013,2ª,25
2012-2013,2ª,26
2012-2013,2ª,27
2012-2013,2ª,28
2012-2013,2ª,29
2012-2013,2ª,30
2012-2013,2ª,31
2012-2013,2ª,32
2012-2013,2ª,33
2012-2013,2ª,34
2012-2013,2ª,35
2012-2013,2ª,36
2012-2013,2ª,37
2012-2013,2ª,38
2012-2013,2ª,39
2012-2013,2ª,40
2012-2013,2ª,41
2012-2013,2ª,42
2012-2013,Promocion,0
2013-2014,1ª,1
2013-2014,1ª,2
2013-2014,1ª,3
2013-2014,1ª,4
2013-2014,1ª,5
2013-2014,1ª,6
2013-2014,1ª,7
2013-2014,1ª,8
2013-2014,1ª,9
2013-2014,1ª,10
2013-2014,1ª,11
2013-2014,1ª,12
2013-2014,1ª,13
2013-2014,1ª,14
2013-2014,1ª,15
2013-2014,1ª,16
2013-2014,1ª,17
2013-2014,1ª,18
2013-2014,1ª,19
2013-2014,1ª,20
2013-2014,1ª,21
2013-2014,1ª,22
2013-2014,1ª,23
2013-2014,1ª,24
2013-2014,1ª,25
2013-2014,1ª,26
2013-2014,1ª,27
2013-2014,1ª,28
2013-2014,1ª,29
2013-2014,1ª,30
2013-2014,1ª,31
2013-2014,1ª,32
2013-2014,1ª,33
2013-2014,1ª,34
2013-2014,1ª,35
2013-2014,1ª,36
2013-2014,1ª,37
2013-2014,1ª,38
2013-2014,2ª,1
2013-2014,2ª,2
2013-2014,2ª,3
2013-2014,2ª,4
2013-2014,2ª,5
2013-2014,2ª,6
2013-2014,2ª,7
2013-2014,2ª,8
2013-2014,2ª,9
2013-2014,2ª,10
2013-2014,2ª,11
2013-2014,2ª,12
2013-2014,2ª,13
2013-2014,2ª,14
2013-2014,2ª,15
2013-2014,2ª,16
2013-2014,2ª,17
2013-2014,2ª,18
2013-2014,2ª,19
2013-2014,2ª,20
2013-2014,2ª,21
2013-2014,2ª,22
2013-2014,2ª,23
2013-2014,2ª,24
2013-2014,2ª,25
2013-2014,2ª,26
2013-2014,2ª,27
2013-2014,2ª,28
2013-2014,2ª,29
2013-2014,2ª,30
2013-2014,2ª,31
2013-2014,2ª,32
2013-2014,2ª,33
2013-2014,2ª,34
2013-2014,2ª,35
2013-2014,2ª,36
2013-2014,2ª,37
2013-2014,2ª,38
2013-2014,2ª,39
2013-2014,2ª,40
2013-2014,2ª,41
2013-2014,2ª,42
2013-2014,Promocion,0
2014-2015,1ª,1
2014-2015,1ª,2
2014-2015,1ª,3
2014-2015,1ª,4
2014-2015,1ª,5
2014-2015,1ª,6
2014-2015,1ª,7
2014-2015,1ª,8
2014-2015,1ª,9
2014-2015,1ª,10
2014-2015,1ª,11
2014-2015,1ª,12
2014-2015,1ª,13
2014-2015,1ª,14
2014-2015,1ª,15
2014-2015,1ª,16
2014-2015,1ª,17
2014-2015,1ª,18
2014-2015,1ª,19
2014-2015,1ª,20
2014-2015,1ª,21
2014-2015,1ª,22
2014-2015,1ª,23
2014-2015,1ª,24
2014-2015,1ª,25
2014-2015,1ª,26
2014-2015,1ª,27
2014-2015,1ª,28
2014-2015,1ª,29
2014-2015,1ª,30
2014-2015,1ª,31
2014-2015,1ª,32
2014-2015,1ª,33
2014-2015,1ª,34
2014-2015,1ª,35
2014-2015,1ª,36
2014-2015,1ª,37
2014-2015,1ª,38
2014-2015,2ª,1
2014-2015,2ª,2
2014-2015,2ª,3
2014-2015,2ª,4
2014-2015,2ª,5
2014-2015,2ª,6
2014-2015,2ª,7
2014-2015,2ª,8
2014-2015,2ª,9
2014-2015,2ª,10
2014-2015,2ª,11
2014-2015,2ª,12
2014-2015,2ª,13
2014-2015,2ª,14
2014-2015,2ª,15
2014-2015,2ª,16
2014-2015,2ª,17
2014-2015,2ª,18
2014-2015,2ª,19
2014-2015,2ª,20
2014-2015,2ª,21
2014-2015,2ª,22
2014-2015,2ª,23
2014-2015,2ª,24
2014-2015,2ª,25
2014-2015,2ª,26
2014-2015,2ª,27
2014-2015,2ª,28
2014-2015,2ª,29
2014-2015,2ª,30
2014-2015,2ª,31
2014-2015,2ª,32
2014-2015,2ª,33
2014-2015,2ª,34
2014-2015,2ª,35
2014-2015,2ª,36
2014-2015,2ª,37
2014-2015,2ª,38
2014-2015,2ª,39
2014-2015,2ª,40
2014-2015,2ª,41
2014-2015,2ª,42
2014-2015,Promocion,0
2015-2016,1ª,1
2015-2016,1ª,2
2015-2016,1ª,3
2015-2016,1ª,4
2015-2016,1ª,5
2015-2016,1ª,6
2015-2016,1ª,7
2015-2016,1ª,8
2015-2016,1ª,9
2015-2016,1ª,10
2015-2016,1ª,11
2015-2016,1ª,12
2015-2016,1ª,13
2015-2016,1ª,14
2015-2016,1ª,15
2015-2016,1ª,16
2015-2016,1ª,17
2015-2016,1ª,18
2015-2016,1ª,19
2015-2016,1ª,20
2015-2016,1ª,21
2015-2016,1ª,22
2015-2016,1ª,23
2015-2016,2ª,1
2015-2016,2ª,2
2015-2016,2ª,3
2015-2016,2ª,4
2015-2016,2ª,5
2015-2016,2ª,6
2015-2016,2ª,7
2015-2016,2ª,8
2015-2016,2ª,9
2015-2016,2ª,10
2015-2016,2ª,11
2015-2016,2ª,12
2015-2016,2ª,13
2015-2016,2ª,14
2015-2016,2ª,15
2015-2016,2ª,16
2015-2016,2ª,17
2015-2016,2ª,18
2015-2016,2ª,19
2015-2016,2ª,20
2015-2016,2ª,21
2015-2016,2ª,22
2015-2016,2ª,23
2015-2016,2ª,24